serum_creatinine,ejection_fraction,age_cohort,DEATH_EVENT
1.9,20,elderly,1
1.1,38,middle-aged,1
1.3,20,old,1
1.9,20,young,1
2.7,20,old,1
2.1,40,elderly,1
1.2,15,elderly,1
1.1,60,middle-aged,1
1.5,65,old,1
9.4,35,elderly,1
4.0,38,elderly,1
0.9,25,middle-aged,1
1.1,30,young,1
1.1,38,young,1
1.0,30,young,0
1.3,50,elderly,1
0.9,38,elderly,1
0.8,14,young,1
1.0,25,old,1
1.9,55,young,1
1.3,25,old,0
1.6,30,old,1
0.9,35,old,1
0.8,60,young,0
1.83,30,elderly,1
1.9,38,elderly,1
1.0,40,elderly,1
1.3,45,old,1
5.8,38,middle-aged,1
1.2,30,elderly,1
1.83,38,elderly,1
3.0,45,elderly,1
1.0,35,young,1
1.2,30,young,0
1.0,50,old,1
3.5,35,old,1
1.0,50,elderly,1
1.0,50,elderly,1
2.3,30,middle-aged,0
3.0,38,middle-aged,1
1.83,20,old,1
1.2,30,young,1
1.2,45,old,1
1.0,50,old,0
1.1,60,middle-aged,1
1.9,38,young,1
0.9,25,young,1
0.6,38,middle-aged,1
4.4,20,elderly,1
1.0,30,middle-aged,1
1.0,25,old,1
1.4,20,young,1
6.8,62,middle-aged,1
1.0,50,old,1
2.2,38,middle-aged,1
2.0,30,elderly,1
2.7,35,old,0
0.6,40,middle-aged,0
1.1,20,young,1
1.3,20,old,1
1.0,25,young,1
2.3,40,young,1
1.1,35,middle-aged,0
1.0,35,young,1
1.18,80,young,0
2.9,20,middle-aged,1
1.3,15,young,1
1.0,25,old,1
1.2,25,old,1
1.83,25,old,1
0.8,40,young,0
0.9,35,middle-aged,0
1.0,35,elderly,1
1.3,50,old,0
1.2,20,old,1
0.7,20,middle-aged,1
0.8,60,old,0
1.2,40,young,0
0.6,38,elderly,0
0.9,45,middle-aged,0
1.7,40,old,0
1.18,50,old,0
2.5,25,middle-aged,1
1.8,50,elderly,0
1.0,25,middle-aged,1
0.7,50,young,0
1.1,35,middle-aged,0
0.8,60,old,0
0.7,40,young,0
1.1,25,middle-aged,0
0.8,45,old,0
1.0,45,middle-aged,0
1.18,60,young,0
1.7,25,middle-aged,1
0.7,38,middle-aged,0
1.0,60,middle-aged,0
1.3,25,middle-aged,0
1.1,60,old,0
1.2,25,middle-aged,0
1.1,40,middle-aged,0
1.1,25,old,0
1.18,45,elderly,0
1.1,25,elderly,0
1.0,30,young,0
2.3,50,middle-aged,0
1.7,30,old,1
1.3,45,middle-aged,0
0.9,35,young,0
1.1,38,middle-aged,0
1.3,35,young,0
1.2,60,elderly,1
1.2,35,middle-aged,0
1.6,25,young,0
1.3,60,old,1
1.2,40,middle-aged,0
1.0,40,middle-aged,0
0.7,60,middle-aged,0
3.2,60,elderly,0
0.9,60,old,0
1.83,38,elderly,1
1.5,60,middle-aged,0
1.0,38,old,0
0.75,38,middle-aged,0
0.9,30,middle-aged,0
3.7,40,middle-aged,1
1.3,50,young,0
2.1,17,young,1
0.8,60,middle-aged,0
0.7,30,middle-aged,0
3.4,35,young,0
0.7,60,young,0
6.1,45,middle-aged,0
1.18,40,young,0
1.3,60,middle-aged,0
1.18,35,elderly,0
1.18,40,elderly,0
0.9,60,old,0
2.1,25,old,0
1.0,35,middle-aged,0
0.8,30,young,0
1.1,38,elderly,1
0.9,35,young,0
0.9,30,young,0
0.9,40,middle-aged,0
1.7,25,old,1
0.7,30,young,0
0.7,30,young,0
1.0,60,middle-aged,0
1.83,30,elderly,1
0.9,35,middle-aged,0
2.5,45,old,1
0.9,60,middle-aged,0
0.9,45,young,0
1.18,35,young,0
0.8,35,old,0
1.7,25,middle-aged,0
1.4,35,young,0
1.0,25,young,0
1.3,50,elderly,0
1.1,45,middle-aged,0
1.2,40,old,0
0.8,35,young,0
0.9,40,middle-aged,0
0.9,35,young,1
1.1,30,young,1
1.3,38,elderly,1
0.7,60,young,0
2.4,20,middle-aged,1
1.0,40,old,0
0.8,35,old,0
1.5,35,young,0
0.9,40,young,0
1.1,60,old,0
0.8,20,young,0
0.9,35,old,0
1.0,60,middle-aged,0
1.0,40,old,0
1.0,50,young,0
1.2,60,middle-aged,0
0.7,40,middle-aged,0
0.9,30,young,0
1.0,25,middle-aged,1
1.2,25,old,1
2.5,38,elderly,1
1.2,25,middle-aged,1
1.5,30,middle-aged,1
0.6,50,young,1
2.1,25,middle-aged,1
1.0,40,middle-aged,0
0.9,45,young,0
2.1,35,elderly,0
1.5,60,middle-aged,0
0.7,40,young,0
1.18,30,old,0
1.6,20,young,1
1.8,45,elderly,1
1.18,38,young,0
0.8,30,old,0
1.0,20,young,0
1.8,35,middle-aged,0
0.7,45,middle-aged,0
1.0,60,young,0
0.9,60,old,0
3.5,25,middle-aged,0
0.7,40,elderly,0
1.0,45,young,0
0.8,40,young,0
0.9,38,elderly,0
1.0,40,middle-aged,0
0.8,35,young,0
1.0,17,old,0
0.8,62,young,0
1.4,50,elderly,0
1.6,30,young,1
0.8,35,old,0
1.3,35,old,0
0.9,50,old,0
9.0,70,young,1
1.1,35,old,0
0.7,35,middle-aged,0
1.83,20,old,1
1.1,50,old,0
1.1,35,young,0
0.8,25,young,0
1.0,25,middle-aged,0
1.4,60,elderly,0
1.3,25,middle-aged,0
1.0,35,middle-aged,0
5.0,25,old,0
1.2,25,old,0
1.7,30,middle-aged,1
1.1,35,old,0
0.9,35,young,0
1.4,38,young,0
1.1,45,young,0
1.1,50,elderly,0
1.1,50,elderly,0
1.2,30,old,0
1.0,40,old,0
1.18,45,middle-aged,0
1.3,35,old,0
1.3,30,old,0
1.1,35,young,0
0.9,40,old,0
1.8,38,young,0
1.4,38,middle-aged,0
1.1,25,middle-aged,1
2.4,25,middle-aged,0
1.0,35,young,0
1.2,40,young,0
0.5,30,young,0
0.8,35,middle-aged,0
1.0,45,young,0
1.2,35,old,0
1.0,60,young,0
1.0,30,young,0
1.7,38,old,0
1.0,38,middle-aged,0
0.8,25,young,0
0.7,50,young,0
1.0,40,middle-aged,0
0.7,40,middle-aged,0
1.4,25,old,1
1.0,60,old,0
1.2,38,middle-aged,0
0.9,35,young,0
1.83,20,middle-aged,1
1.7,38,middle-aged,0
0.9,38,young,0
1.0,35,young,0
1.6,30,young,0
0.9,40,young,0
1.2,38,old,0
0.7,40,young,0
1.0,30,middle-aged,0
0.8,38,young,0
1.1,35,old,0
1.1,38,old,0
0.7,30,young,0
1.3,38,middle-aged,0
1.0,40,old,0
2.7,40,old,0
3.8,30,young,0
1.1,38,old,0
0.8,40,young,0
1.2,40,middle-aged,0
1.7,35,middle-aged,0
1.0,55,young,0
1.1,35,old,0
0.9,38,elderly,0
0.8,55,young,0
1.4,35,middle-aged,0
1.0,38,young,0
0.9,35,middle-aged,0
1.1,38,middle-aged,0
1.2,38,middle-aged,0
0.8,60,young,0
1.4,38,young,0
1.6,45,young,0
